id_emprendimiento,nombre_emprendimiento,descripcion,id_municipio_origen,id_alcance
1,EcoHuertas Urbanas,Huertos comunitarios en zonas urbanas,1,1
2,Recicla Ando,Programa de reciclaje comunitario,1,2
3,Sabores Ancestrales,Rescate de cocina tradicional de los indígenas Nasa ,1,1
4,Tejiendo Sueños,Tejidos artesanales con identidad cultural,1,1
5,Libros Viajeros,Bibliotecas móviles para niños,1,1
6,Turismo Vivencial,Experiencias turísticas comunitarias,1,2
7,TecnoCampo,Tecnología para pequeños agricultores,12,2
8,Salud para Todos,Atención médica en zonas rurales,12,2
9,Deporte para la Paz,Talleres deportivos para jóvenes,14,2
10,Manos Creativas,Talleres de artesanías tradicionales,11,1
11,Agua Pura,Sistemas de filtrado de agua,11,2
12,Guardianes del Bosque,Conservación de áreas naturales,5,2
13,Energía Comunitaria,Paneles solares para comunidades,5,2
14,Raíces Indígenas,Preservación cultural indígena,13,2
15,Trueque Solidario,Sistema de intercambio comunitario,8,1
16,Café con Raíz,Producción de café orgánico con comunidades campesinas,1,2
17,Letras del Pueblo,Talleres de escritura creativa para niños,1,1
18,Mercado Justo,Plataforma de comercio local para pequeños productores,1,1
19,Senderos Vivos,Rutas ecológicas guiadas,1,2
20,Aventuras Rurales,Turismo comunitario en zonas rurales,1,2
21,Sonrisas Rurales,Campañas odontológicas móviles,12,2
22,Voces Ancestrales,Documentación de tradiciones orales indígenas,12,2
23,Jóvenes en Movimiento,Actividades deportivas para integración social,12,2
24,EcoLadrillos,Construcción con ladrillos reciclados,11,1
25,Hilos de Tradición,Ropa con bordados tradicionales,15,1
26,Sembrando Futuro,Capacitación en agricultura orgánica para jóvenes,5,2
27,Luz Verde,Lámparas solares para zonas sin electricidad,5,2
28,Cocinas del Campo,Conservas y mermeladas artesanales,6,1
29,Tejidos Andinos,Accesorios tejidos por mujeres indígenas,7,1
30,Agua Viva,Proyectos de captación de agua lluvia,13,2
31,Verde Vivo,Viveros comunitarios para reforestación,1,2
32,Cuentacuentos,Narración oral para niños en zonas rurales,1,1
33,Tienda Solidaria,Comercio de productos artesanales locales,1,1
34,Explora Naturaleza,Campamentos educativos en áreas naturales,1,2
35,Memoria Viva,Archivo digital de tradiciones locales,1,2
36,Reutiliza Moda,Ropa reciclada con diseño local,2,1
37,Fútbol Comunidades,Torneos deportivos para integración juvenil,16,2
38,Manos Nasa,Productos tejidos por comunidades indígenas,3,1
39,TechLab Rural,Talleres de tecnología para comunidades,4,2
40,Vida Sana,Talleres de nutrición en escuelas rurales,5,2
41,Sabores del Huerto,Elaboración de mermeladas y conservas con frutas locales,6,1
42,Sol y Campo,Sistemas de energía solar para fincas,7,2
43,EcoRutas,Circuitos turísticos sostenibles,8,2
44,Arcilla y Raíz,Cerámicas artesanales inspiradas en tradiciones,9,1
45,Fuentes Limpias,Purificación de agua para comunidades,10,2
46,Mujeres Tejedoras,Taller de empoderamiento femenino a través de tejidos,1,1
47,Raíces Inclusivas,Proyectos culturales con comunidades indígenas,1,2
48,Semillas de Cambio,Educación ambiental con enfoque en equidad,1,2
49,Abrazos de Colores,Actividades recreativas para niños en situación de vulnerabilidad,1,1
50,Puentes de Igualdad,Capacitación para personas con discapacidad,12,2
51,Derecho a Sonreír,Atención psicológica para víctimas de violencia,12,2
52,Voces Libres,Talleres de derechos humanos para jóvenes,11,2
53,Voz y Voto,Capacitación en liderazgo ciudadano,14,2
54,Ríos Vivos,Campañas contra la contaminación de ríos,5,2
55,Tierra Justa,Defensa de territorios frente a proyectos extractivos,5,2
56,EcoFeminista,Huerto urbano gestionado por mujeres,2,1
57,Manos Diversas,Artesanías elaboradas por comunidades vulnerables,3,1
58,Juntas Decidimos,Espacios de participación ciudadana para mujeres,6,1
59,Mujeres del Campo,Apoyo a agricultoras en técnicas sostenibles,7,2
60,Comunidad Activa,Foros comunitarios para la toma de decisiones,8,1
61,Arcoíris Popayán,Espacio seguro para la comunidad LGBTI con talleres de sensibilización en Popayán.,1,1
62,Raíces Afro,Promoción de la cultura afrocolombiana mediante talleres de percusión en Guapi.,13,2
63,Mujeres que tejen,Cooperativa de mujeres indígenas en Silvia que crean textiles tradicionales.,2,1
64,Voces Diversas,Apoyo a personas LGBTI en Totoró mediante asesorías psicológicas y sociales.,3,1
65,Herencia Negra,Festival de danza afrodescendiente para preservar tradiciones en Santander de Quilichao.,12,2
66,Feminismo Rural,Talleres de equidad de género para mujeres campesinas en Cajibío.,4,1
67,Inclusión Activa,Programas de capacitación laboral para personas con discapacidad en Piendamó.,5,2
68,Derechos para Todos,Campañas de educación en derechos humanos en El Tambo.,6,1
69,Afro Tambores,Escuela de música afrocolombiana para jóvenes en Patía.,8,1
70,Colores Libres,Eventos culturales LGBTI para promover la diversidad en Inzá.,9,2
71,Cultura Puracé,Rescate de tradiciones indígenas mediante talleres de artesanías en Puracé.,10,1
72,Juego por la Paz,Torneos de voleibol comunitarios para fomentar la inclusión en Timbío.,11,1
73,Mujeres en Red,Red de apoyo para mujeres emprendedoras en Guapi.,13,2
74,Afro Raíces,Talleres de cocina afrocolombiana para preservar la gastronomía en El Bordo.,17,1
75,Diversidad en Marcha,Marchas y actividades LGBTI para visibilizar derechos en Balboa.,14,1
76,Justicia Rural,Asesorías legales gratuitas sobre derechos humanos en La Sierra.,15,2
77,Mujeres del Maíz,Capacitaciones en agricultura sostenible para mujeres en Sucre.,16,1
78,Orgullo Afro,Espacio de empoderamiento afrodescendiente mediante talleres artísticos en Morales.,7,1
79,Incluye y Crea,Taller de artesanías inclusivo para personas con discapacidad en Popayán.,1,1
80,Vivas y Libres,Campañas feministas contra la violencia de género en Patía.,8,2
81,Feminismo Urbano,Espacio para las mujeres de Popayán con emprendimientos artísticos y de artesanías ,1,1
82,Salud Vital,Articula profesionales y voluntarios para llevar servicios de salud preventiva a barrios vulnerables.,1,2
